{"cameraMode":{"drawMode":0,"name":"Shaded","section":"Shading Mode"},"sceneLighting":false,"audioPlay":false,"sceneViewState":{"showFog":false,"showMaterialUpdate":false,"showSkybox":false,"showFlares":false,"showImageEffects":false,"showParticleSystems":false},"in2DMode":false,"pivot":{"x":-4.681849956512451,"y":-10.137648582458496,"z":-0.9978209733963013},"rotation":{"x":0.17081314325332642,"y":-0.8171780705451965,"z":0.30361124873161318,"w":0.4592937231063843},"size":68.47515869140625,"orthographic":false}