{"cameraMode":{"drawMode":0,"name":"Shaded","section":"Shading Mode"},"sceneLighting":false,"audioPlay":false,"sceneViewState":{"showFog":false,"showMaterialUpdate":false,"showSkybox":false,"showFlares":false,"showImageEffects":false,"showParticleSystems":false},"in2DMode":false,"pivot":{"x":4921.16943359375,"y":298.39239501953127,"z":-2389.732421875},"rotation":{"x":0.2923358082771301,"y":0.17259401082992555,"z":-0.05388138070702553,"w":0.9391138553619385},"size":2.2763419151306154,"orthographic":false}