{"cameraMode":{"drawMode":0,"name":"Shaded","section":"Shading Mode"},"sceneLighting":false,"audioPlay":false,"sceneViewState":{"showFog":false,"showMaterialUpdate":false,"showSkybox":false,"showFlares":false,"showImageEffects":false,"showParticleSystems":false},"in2DMode":false,"pivot":{"x":4922.52490234375,"y":297.30242919921877,"z":-2383.114501953125},"rotation":{"x":0.13741888105869294,"y":-0.8240132927894592,"z":0.22558806836605073,"w":0.5013126730918884},"size":7.67634391784668,"orthographic":false}