{"cameraMode":{"drawMode":0,"name":"Shaded","section":"Shading Mode"},"sceneLighting":false,"audioPlay":false,"sceneViewState":{"showFog":false,"showMaterialUpdate":false,"showSkybox":false,"showFlares":false,"showImageEffects":false,"showParticleSystems":false},"in2DMode":false,"pivot":{"x":4906.6337890625,"y":292.7442626953125,"z":-2385.9716796875},"rotation":{"x":0.09686321765184403,"y":-0.9016192555427551,"z":0.325818806886673,"w":0.26763245463371279},"size":2.2763419151306154,"orthographic":false}